Speed,Id,Iq,Torque,Voltage,Current,Power
1000.0,0.0,0.0,-0.7517470167643157,27.877753259235188,0.0,-78.72276350749391
1000.0,-25.0,0.0,-0.7010095238023605,25.609751641585444,25.0,-73.4095456691325
1000.0,-50.0,0.0,-0.6547742166118273,23.352023578420024,50.0,-68.56779562225762
1000.0,-75.0,0.0,-0.6131276910550226,21.107866207531558,75.0,-64.20658166436438
1000.0,-100.0,0.0,-0.5761699486265828,18.88211923880998,100.0,-60.3363759274827
1000.0,0.0,25.0,18.448336811111886,28.380847355225384,25.0,1931.9053132246418
1000.0,-25.0,25.0,18.422697086921055,26.16891480979298,35.35533905932738,1929.2203275860425
1000.0,-50.0,25.0,18.392931592189107,23.97526151565489,55.90169943749474,1926.103292266697
1000.0,-75.0,25.0,18.358966343890213,21.805404634779592,79.05694150420949,1922.5464597822586
1000.0,-100.0,25.0,18.320716175517195,19.6672215028588,103.07764064044152,1918.5409115169502
1000.0,0.0,50.0,37.64774244060296,29.02520869006479,50.0,3942.4623691879647
1000.0,-25.0,50.0,37.54571220142994,26.879604868946668,55.90169943749474,3931.7777875269658
1000.0,-50.0,50.0,37.43991421192574,24.761257697104398,70.71067811865476,3920.698647973933
1000.0,-75.0,50.0,37.330285671912335,22.677806156903756,90.13878188659973,3909.2183741096037
1000.0,-100.0,50.0,37.21675442878772,20.639819591637842,111.80339887498948,3897.3294101311635
1000.0,0.0,75.0,56.84392253224197,29.801700749854085,75.0,5952.681647617289
1000.0,-25.0,75.0,56.66779288744914,27.730205987231933,79.05694150420949,5934.237394345271
1000.0,-50.0,75.0,56.486164523660044,25.695121271220934,90.13878188659973,5915.217316566493
1000.0,-75.0,75.0,56.30082157624165,23.705825452769716,106.06601717798213,5895.808248499683
1000.0,-100.0,75.0,56.111936877584725,21.774871316288564,125.0,5876.028289110479
1000.0,0.0,100.0,76.02256655626627,30.70062397739474,100.0,7961.064553340241
1000.0,-25.0,100.0,75.77078358464586,28.708623953588,103.07764064044152,7934.697902208851
1000.0,-50.0,100.0,75.5158963288986,26.761729958615476,111.80339887498948,7908.006171203877
1000.0,-75.0,100.0,75.25786046742326,24.870536911366955,125.0,7880.984718978088
1000.0,-100.0,100.0,74.99662506698635,23.048759599112316,141.4213562373095,7853.628211815749
1000.0,0.0,125.0,94.89619252727348,31.657912914228312,125.0,9937.506043244166
1000.0,-25.0,125.0,94.59740015990657,29.75358442962466,127.47548783981962,9906.216579701879
1000.0,-50.0,125.0,94.29561278016557,27.902022409986824,134.6291201783626,9874.613479197198
1000.0,-75.0,125.0,93.99078973419374,26.11445247694906,145.7737973711325,9842.6924844682
1000.0,-100.0,125.0,93.68288427642881,24.40493950137315,160.0781059358212,9810.448700331051
1000.0,0.0,150.0,113.37363385914658,32.63528143932275,150.0,11872.459174755797
1000.0,-25.0,150.0,113.06344101296276,30.826862920671687,152.0690632574555,11839.975855863557
1000.0,-50.0,150.0,112.7503888220408,29.077563378596956,158.11388300841898,11807.193107090538
1000.0,-75.0,150.0,112.43444046804971,27.39870822961903,167.70509831248424,11774.107072830131
1000.0,-100.0,150.0,112.11380756698856,25.80405016743803,180.27756377319946,11740.5304739477
1000.0,0.0,175.0,131.84976202856592,33.69382604600472,175.0,13807.274792216838
1000.0,-25.0,175.0,131.52811475188298,31.981473817803256,176.7766952966369,13773.591968167693
1000.0,-50.0,175.0,131.2037413212645,30.333397291406747,182.00274723201295,13739.623661946001
1000.0,-75.0,175.0,130.87560647877808,28.760647817655137,190.3943276465977,13705.261461594599
1000.0,-100.0,175.0,130.53999010331427,27.27625792868274,201.55644370746373,13670.11579694188
1000.0,0.0,200.0,150.32453247227886,34.826518388849514,200.0,15741.948228974386
1000.0,-25.0,200.0,149.99137741305418,33.20930087832607,201.55644370746373,15707.0603127555
1000.0,-50.0,200.0,149.65562734352542,31.660323708937327,206.15528128088303,15671.90064769304
1000.0,-75.0,200.0,149.31252806282043,30.190091938296753,213.60009363293827,15635.971375035882
1000.0,-100.0,200.0,148.96076402950735,28.810662775289035,223.60679774997897,15599.134731607433
1000.0,0.0,225.0,168.79790832218333,36.02600716588566,225.0,17676.475624209816
1000.0,-25.0,225.0,168.45319326241844,34.502177542758226,226.38462845343543,17640.37714756518
1000.0,-50.0,225.0,168.10600850668888,33.0494430928338,230.4886114323222,17604.0200449639
1000.0,-75.0,225.0,167.74766127445005,31.67758612266641,237.17082451262846,17566.49401055604
1000.0,-100.0,225.0,167.37828430168113,30.397558144504792,246.22144504490262,17527.812944420843
1000.0,0.0,250.0,186.10189722041585,37.131268380309834,250.0,19488.54510422604
1000.0,-25.0,250.0,185.80856654366548,35.69974432463613,251.24689052802225,19457.827587587657
1000.0,-50.0,250.0,185.5076374553457,34.34092790268838,254.95097567963924,19426.314367150426
1000.0,-75.0,250.0,185.19432612327267,33.06378395478678,261.00766272276377,19393.504481179527
1000.0,-100.0,250.0,184.87591238056518,31.878129529688323,269.2582403567252,19360.160272016463
1000.0,0.0,275.0,203.19613660517632,38.253990885833076,275.0,21278.649666554997
1000.0,-25.0,275.0,202.96253413729485,36.91275152425326,276.1340254296815,21254.186873323106
1000.0,-50.0,275.0,202.71634897317767,35.64501888327357,279.5084971874737,21228.40642322266
1000.0,-75.0,275.0,202.46247610169488,34.458906251831756,285.0438562747845,21201.820918289457
1000.0,-100.0,275.0,202.20751260718956,33.363119279791654,292.61749776799064,21175.121203580406
1000.0,0.0,300.0,220.28773851593886,39.41708624114048,300.0,23068.478033252763
1000.0,-25.0,300.0,220.1083646859598,38.16369848208016,301.0398644698074,23049.694049702477
1000.0,-50.0,300.0,219.91884210149223,36.9839601829097,304.138126514911,23029.84729106739
1000.0,-75.0,300.0,219.72830751789098,35.88513540852775,309.23292192132453,23009.894556130843
1000.0,-100.0,300.0,219.53674840464805,34.87487269298609,316.22776601683796,22989.8345327011
1000.0,0.0,325.0,237.3701036705205,40.61698169268834,325.0,24857.33912910516
1000.0,-25.0,325.0,237.2453088192111,39.44887885134244,325.96012026013244,24844.270642835843
1000.0,-50.0,325.0,237.11901099634997,38.354013782275935,328.8236609491476,24831.044765753682
1000.0,-75.0,325.0,236.9917699069133,37.33882913526139,333.54160160315837,24817.720110026716
1000.0,-100.0,325.0,236.86357222719516,36.40999000371153,340.03676271838606,24804.295280399725
1000.0,0.0,350.0,253.8607261582471,41.78927505485838,350.0,26584.233077790643
1000.0,-25.0,350.0,253.8159069685162,40.70259416126436,350.891721190455,26579.539623217363
1000.0,-50.0,350.0,253.77022762360193,39.688252131265145,353.5533905932738,26574.756093403914
1000.0,-75.0,350.0,253.72367883610585,38.75192931213598,357.94552658190884,26569.881515776207
1000.0,-100.0,350.0,253.67624617950645,37.899408047240925,364.0054944640259,26564.914379592443
1000.0,0.0,375.0,268.7995196149696,42.82412177362352,375.0,28148.619870361803
1000.0,-25.0,375.0,268.8816539930816,41.81333670493806,375.8324094593227,28157.220962324594
1000.0,-50.0,375.0,268.9630121773858,40.873594586123275,378.3186487605389,28165.74077146191
1000.0,-75.0,375.0,269.0435841322535,40.009901245506455,382.4264635194589,28174.178246845164
1000.0,-100.0,375.0,269.1233539975805,39.227279836449284,388.1043674065006,28182.53172760814
1000.0,0.0,400.0,283.7363192692272,43.87976462470616,400.0,29712.797872427072
1000.0,-25.0,400.0,283.9453595697585,42.942859447612456,400.7804885470349,29734.68852150885
1000.0,-50.0,400.0,284.15371137278225,42.07546140013719,403.11288741492746,29756.50707130024
1000.0,-75.0,400.0,284.3613636343004,41.28195173334506,406.97051490249265,29778.252365276465
1000.0,-100.0,400.0,284.5682986542351,40.56666624692089,412.31056256176606,29799.922549889707
1000.0,0.0,425.0,298.6710325446207,44.954738120075994,425.0,31276.75738940861
1000.0,-25.0,425.0,299.0069319424072,44.089718946326975,425.73465914816,31311.932692089656
1000.0,-50.0,425.0,299.3422349505428,43.292476595450765,427.93106921559223,31347.0455409925
1000.0,-75.0,425.0,299.6769292331989,42.56681909301839,431.5669125408017,31382.094644312205
1000.0,-100.0,425.0,300.0109948019588,41.916464067462826,436.6062299143245,31417.077908866642
1000.0,0.0,450.0,313.6035546383578,46.04773243512682,450.0,32840.487446383675
1000.0,-25.0,450.0,314.06626700768396,45.25263633382651,450.6939094329987,32888.94257239035
1000.0,-50.0,450.0,314.5284802339521,44.523432094489344,452.76925690687085,32937.34542825822
1000.0,-75.0,450.0,314.99018037940084,43.86340575058382,456.20718977236646,32985.694554428315
1000.0,-100.0,450.0,315.4513446717783,43.27572231810489,460.9772228646444,33033.98756619602
1000.0,0.0,475.0,326.7401112379265,46.9828527680946,475.0,34216.14443660606
1000.0,-25.0,475.0,327.34161431136783,46.248366990544184,475.6574397610112,34279.13369116056
1000.0,-50.0,475.0,327.94272229178495,45.57784980653884,477.62432936357,34342.08157167031
1000.0,-75.0,475.0,328.54341929952074,44.974162144651785,480.88460154178364,34404.98641522151
1000.0,-100.0,475.0,329.14367923148467,44.44002732613235,485.41219597368996,34467.84548830492
1000.0,0.0,500.0,339.0955313271606,47.852864615272665,500.0,35510.001002751174
1000.0,-25.0,500.0,339.841013124487,47.17441759882115,500.62460986251966,35588.06767401336
1000.0,-50.0,500.0,340.58621104331615,46.55799484244214,502.4937810560445,35666.10461758883
1000.0,-75.0,500.0,341.331106894768,46.00608929670099,505.5937104039171,35744.10992874252
1000.0,-100.0,500.0,342.0753303115768,45.521047437084334,509.9019513592785,35822.04482270505
1000.0,0.0,525.0,351.4487655329166,48.73216125875466,525.0,36803.628663713745
1000.0,-25.0,525.0,352.33819478639293,48.10851835457876,525.594901040716,36896.769477334055
1000.0,-50.0,525.0,353.22745897288155,47.544920618550904,527.3755777432247,36989.89300517982
1000.0,-75.0,525.0,354.1163135911727,47.043525909777856,530.3300858899106,37082.97364314425
1000.0,-100.0,525.0,355.00358354050604,46.60634156249785,534.4389581607987,37175.88833496347
1000.0,0.0,550.0,363.7996749822175,49.62029246074906,550.0,38097.01287674963
1000.0,-25.0,550.0,364.8330208676015,49.05024671783433,550.567888638631,38205.22460482095
1000.0,-50.0,550.0,365.86616559674775,48.538244822550006,552.268050859363,38313.41526786031
1000.0,-75.0,550.0,366.89784458640287,48.0861406898045,555.0900827793629,38421.4524390191
1000.0,-100.0,550.0,367.92940578858236,47.695637466408115,559.0169943749474,38529.47727550227
2500.0,0.0,0.0,-0.9598675518415802,69.69438314808797,0.0,-251.29273744039403
2500.0,-25.0,0.0,-0.908598436956882,64.01538286046626,25.0,-237.87051455057573
2500.0,-50.0,0.0,-0.8632149455267655,58.34059597103447,50.0,-225.98914427798329
2500.0,-75.0,0.0,-0.8238095904489093,52.67138445904367,75.0,-215.67284644259246
2500.0,-100.0,0.0,-0.7904922325102152,47.009765675926985,100.0,-206.9503825311572
2500.0,0.0,25.0,18.23720544660133,70.25569505650157,25.0,4774.489221087541
2500.0,-25.0,25.0,18.212054049665316,64.66320830445723,35.35533905932738,4767.9046007674
2500.0,-50.0,25.0,18.18142284848589,59.08550313545584,55.90169943749474,4759.885371051074
2500.0,-75.0,25.0,18.145231939372163,53.527200300513066,79.05694150420949,4750.410613201206
2500.0,-100.0,25.0,18.10338629047673,47.99504064650248,103.07764064044152,4739.455447938322
2500.0,0.0,50.0,37.43260491282908,71.18067780299012,50.0,9799.833049906087
2500.0,-25.0,50.0,37.331014362044996,65.70583977470706,55.90169943749474,9773.236705904636
2500.0,-50.0,50.0,37.22433247447413,60.26137634633531,70.71067811865476,9745.307453049325
2500.0,-75.0,50.0,37.112490517145986,54.85633154803853,90.13878188659973,9716.027297090557
2500.0,-100.0,50.0,36.99540645191094,49.503617566856285,111.80339887498948,9685.374760490986
2500.0,0.0,75.0,56.62300677202607,72.45544186040406,75.0,14823.868508263518
2500.0,-25.0,75.0,56.44802573542264,67.12493160482899,79.05694150420949,14778.05858000428
2500.0,-50.0,75.0,56.26549185692073,61.84370299142705,90.13878188659973,14730.271322359875
2500.0,-75.0,75.0,56.077944670673055,56.62554643981411,106.06601717798213,14681.17158381678
2500.0,-100.0,75.0,55.88554783547451,51.4896410610577,125.0,14630.802210147307
2500.0,0.0,100.0,75.79223754474923,74.06280659017551,100.0,19842.361389143054
2500.0,-25.0,100.0,75.54168995783654,68.89816220146594,103.07764064044152,19776.768184274762
2500.0,-50.0,100.0,75.28678280010766,63.8032485954051,111.80339887498948,19710.033646435717
2500.0,-75.0,100.0,75.02746574958545,58.7961956527718,125.0,19642.14460136312
2500.0,-100.0,100.0,74.76367787487759,53.90149325274329,141.4213562373095,19573.085097255764
2500.0,0.0,125.0,94.65508251108687,75.84571573329657,125.0,24780.64265348052
2500.0,-25.0,125.0,94.35758209628857,70.87629518043536,127.47548783981962,24702.75722701633
2500.0,-50.0,125.0,94.05585053916104,65.99661959348519,134.6291201783626,24623.764090080662
2500.0,-75.0,125.0,93.74984111465466,61.22814870143015,145.7737973711325,24543.65101008412
2500.0,-100.0,125.0,93.43949696104926,56.59899476976575,160.0781059358212,24462.403100663178
2500.0,0.0,150.0,113.12103678483456,77.70903999051268,150.0,29615.018177474747
2500.0,-25.0,150.0,112.81222720882694,72.96355891193353,152.0690632574555,29534.172019529444
2500.0,-50.0,150.0,112.49934644284207,68.32602308394861,158.11388300841898,29452.260026540473
2500.0,-75.0,150.0,112.18235148749461,63.81996767268057,167.70509831248424,29369.27094129509
2500.0,-100.0,150.0,111.85929371205573,59.47528293077705,180.27756377319946,29284.694613461434
2500.0,0.0,175.0,131.584472787049,79.80883409920607,175.0,34448.734419523265
2500.0,-25.0,175.0,131.26429568852407,75.29366015275521,176.7766952966369,34364.91225114213
2500.0,-50.0,175.0,130.94020810874287,70.90255470118662,182.00274723201295,34280.06632116211
2500.0,-75.0,175.0,130.61106703005177,66.66004025585076,190.3943276465977,34193.897388261226
2500.0,-100.0,175.0,130.27305075260995,62.596335873896265,201.55644370746373,34105.4049337608
2500.0,0.0,200.0,150.04528221146612,82.12807280888674,200.0,39281.763025112436
2500.0,-25.0,200.0,149.713679987183,77.84591323735704,201.55644370746373,39194.94976580228
2500.0,-50.0,200.0,149.3783295509011,73.70141107572593,206.15528128088303,39107.155226885494
2500.0,-75.0,200.0,149.03420052333024,69.71911900584018,213.60009363293827,39017.06245814353
2500.0,-100.0,200.0,148.67994720934885,65.92843614726397,223.60679774997897,38924.31915741738
2500.0,0.0,225.0,168.50336877837267,84.64765290478317,225.0,44114.07878827227
2500.0,-25.0,225.0,168.1602851894789,80.59814474812025,226.38462845343543,44024.25971473595
2500.0,-50.0,225.0,167.81360744078765,76.69719396773971,230.4886114323222,43933.49969236499
2500.0,-75.0,225.0,167.4541756245296,72.96862923401166,237.17082451262846,43839.400662913096
2500.0,-100.0,225.0,167.0822309401321,69.4402232312193,246.22144504490262,43742.02577224268
2500.0,0.0,250.0,185.79081764723324,86.9507494157826,250.0,48639.922318749064
2500.0,-25.0,250.0,185.4991796565028,83.1353712393605,251.24689052802225,48563.57167131687
2500.0,-50.0,250.0,185.19858280999412,79.47605003921366,254.95097567963924,48484.87560092654
2500.0,-75.0,250.0,184.884037944324,75.99533137191422,261.00766272276377,48402.527947658746
2500.0,-100.0,250.0,184.56322763981214,72.71886489074109,269.2582403567252,48318.54000633788
2500.0,0.0,275.0,202.86706274825093,89.32362331694084,275.0,53110.472832103726
2500.0,-25.0,275.0,202.635046533735,85.73947290409083,276.1340254296815,53049.73112918398
2500.0,-50.0,275.0,202.38891174025403,82.31653788841545,279.5084971874737,52985.29319093459
2500.0,-75.0,275.0,202.13383875863076,79.07575536665337,285.0438562747845,52918.51524050151
2500.0,-100.0,275.0,201.87669256905863,76.04041697257969,292.61749776799064,52851.194525496656
2500.0,0.0,300.0,219.93901214930992,91.82436204113472,300.0,57579.89873383903
2500.0,-25.0,300.0,219.76087716278624,88.46666424664059,301.0398644698074,57533.26310342152
2500.0,-50.0,300.0,219.57126093391832,85.27334435513788,304.138126514911,57483.62169078711
2500.0,-75.0,300.0,219.37970905956612,82.263546093047,309.23292192132453,57433.473527349925
2500.0,-100.0,300.0,219.18619463790466,79.45812585047872,316.22776601683796,57382.811570228645
2500.0,0.0,325.0,236.99969358235938,94.4424753391583,325.0,62046.374688447686
2500.0,-25.0,325.0,236.8758213347162,91.30559889431271,325.96012026013244,62013.9450098494
2500.0,-50.0,325.0,236.74957069321056,88.33449350002769,328.8236609491476,61980.89266919398
2500.0,-75.0,325.0,236.6215049730269,85.5464319994207,333.54160160315837,61947.365142051836
2500.0,-100.0,325.0,236.491594948222,82.95987011476575,340.03676271838606,61913.35477708895
2500.0,0.0,350.0,253.46660834612192,97.00848149645992,350.0,66357.40289254149
2500.0,-25.0,350.0,253.4227564444004,94.08349353159817,350.891721190455,66345.92249151698
2500.0,-50.0,350.0,253.3772420303876,91.3240569664409,353.5533905932738,66334.00684579239
2500.0,-75.0,350.0,253.3300451319943,88.74561473547499,357.94552658190884,66321.650726687
2500.0,-100.0,350.0,253.28113351927487,86.36437782335463,364.0054944640259,66308.84569642079
2500.0,0.0,375.0,268.38026220310826,99.23365940635382,375.0,70261.78834214894
2500.0,-25.0,375.0,268.46334382815894,96.50772702562024,375.8324094593227,70283.53906072458
2500.0,-50.0,375.0,268.5449151892079,93.94576139136144,378.3186487605389,70304.89439310912
2500.0,-75.0,375.0,268.6249541669789,91.56152632076659,382.4264635194589,70325.84854848965
2500.0,-100.0,375.0,268.7034247669244,89.36924660528304,388.1043674065006,70346.39210351561
2500.0,0.0,400.0,283.28988380892594,101.53007924075789,400.0,74165.11815086898
2500.0,-25.0,400.0,283.4998480984335,98.99792280457967,400.7804885470349,74220.08667332176
2500.0,-50.0,400.0,283.70846664404553,96.62724934094967,403.11288741492746,74274.70288084653
2500.0,-75.0,400.0,283.91571462546375,94.43022088624417,406.97051490249265,74328.96027550442
2500.0,-100.0,400.0,284.12155138777524,92.41922126303001,412.31056256176606,74382.84821386413
2500.0,0.0,425.0,298.1952455189779,103.89301445760867,425.0,78067.33272148547
2500.0,-25.0,425.0,298.5320428604723,101.54922743384842,425.73465914816,78155.50605930109
2500.0,-50.0,425.0,298.8676727687649,99.3636812753241,427.93106921559223,78243.37376381918
2500.0,-75.0,425.0,299.20210710610024,97.34703369149388,431.5669125408017,78330.9284685926
2500.0,-100.0,425.0,299.5352995540145,95.50998295900096,436.6062299143245,78418.15804747582
2500.0,0.0,450.0,313.0960923896115,106.31818191448166,450.0,81968.3653099062
2500.0,-25.0,450.0,313.5596743219187,104.15728906924132,450.6939094329987,82089.73077597898
2500.0,-50.0,450.0,314.0222825745572,102.15076564940432,452.76925690687085,82210.84133331059
2500.0,-75.0,450.0,314.48388500636713,100.30787508807613,456.20718977236646,82331.68856736502
2500.0,-100.0,450.0,314.9444285135843,98.63778859377443,460.9772228646444,82452.25857560935
2500.0,0.0,475.0,326.1992965600743,108.33953600393204,475.0,85398.77613994064
2500.0,-25.0,475.0,326.8015763383813,106.3388475030187,475.6574397610112,85556.45261718522
2500.0,-50.0,475.0,327.40309457666416,104.48842765816748,477.62432936357,85713.92972371771
2500.0,-75.0,475.0,328.0038143695719,102.79639096186703,480.88460154178364,85871.19779773978
2500.0,-100.0,475.0,328.6036745798374,101.27067584688997,485.41219597368996,86028.24083355235
2500.0,0.0,500.0,338.51910468652557,110.20104832902999,500.0,88624.09436524856
2500.0,-25.0,500.0,339.2652413820341,108.34904112587296,500.62460986251966,88819.4324953472
2500.0,-50.0,500.0,340.0108482507519,106.6430144261267,502.4937810560445,89014.63191711633
2500.0,-75.0,500.0,340.75588278914756,105.09007733118217,505.5937104039171,89209.68150315755
2500.0,-100.0,500.0,341.4997332412661,103.69710729657251,509.9019513592785,89404.42109613631
2500.0,0.0,525.0,350.83395339595586,112.09883915923784,525.0,91848.11421821656
2500.0,-25.0,525.0,351.72391445645013,110.39174332561167,525.594901040716,92081.10547901905
2500.0,-50.0,525.0,352.61359834012126,108.8261066532426,527.3755777432247,92314.02417509891
2500.0,-75.0,525.0,353.50257268578923,107.40811454516228,530.3300858899106,92546.75711456394
2500.0,-100.0,525.0,354.3893563567536,106.143683677933,534.4389581607987,92778.91653673271
2500.0,0.0,550.0,363.1435088778884,114.03126737700222,550.0,95070.74830746617
2500.0,-25.0,550.0,364.17726276081765,112.46533425925799,550.567888638631,95341.38444115203
2500.0,-50.0,550.0,365.2107114337705,111.03615498452422,552.268050859363,95611.94067105294
2500.0,-75.0,550.0,366.24226546760696,109.74907167867747,555.0900827793629,95882.00088559306
2500.0,-100.0,550.0,367.2736354725195,108.60913572495467,559.0169943749474,96152.01292147358
5000.0,0.0,0.0,-1.306552717831721,139.38876629617593,0.0,-684.1094033113187
5000.0,-25.0,0.0,-1.2543586045115953,128.02819728065938,25.0,-656.7806294834621
5000.0,-50.0,0.0,-1.2102274527173185,116.66992175287184,50.0,-633.6736124382361
5000.0,-75.0,0.0,-1.1742609473887948,105.31468184167657,75.0,-614.8415942856714
5000.0,-100.0,0.0,-1.1465842322780033,93.96357819962037,100.0,-600.3501001410781
5000.0,-125.0,0.0,-1.1369367792007332,82.78321521238699,125.0,-595.2987055221773
5000.0,-150.0,0.0,-1.1462973943766288,71.83499359446482,150.0,-600.1999121671232
5000.0,-175.0,0.0,-1.1732715957772617,60.899626739582786,175.0,-614.3235709932363
5000.0,-200.0,0.0,-1.209399260705574,49.98555386940807,200.0,-633.2399721149263
5000.0,-225.0,0.0,-1.249721279412218,39.11061098612016,225.0,-654.3525317393768
5000.0,0.0,25.0,17.88558720038683,140.0580794558492,25.0,9364.87155897915
5000.0,-25.0,25.0,17.861288969800878,128.83497756925422,35.35533905932738,9352.149035195142
5000.0,-50.0,25.0,17.82938232133077,117.62853625967196,55.90169943749474,9335.442753122745
5000.0,-75.0,25.0,17.78977818302829,106.44401733842857,79.05694150420949,9314.706074798942
5000.0,-100.0,25.0,17.742366246387554,95.28913976669226,103.07764064044152,9289.881242825108
5000.0,-125.0,25.0,17.657104505995,84.31219676301785,127.47548783981962,9245.238299950188
5000.0,-150.0,25.0,17.52555317330602,73.57526433831265,152.0690632574555,9176.358183225913
5000.0,-175.0,25.0,17.378577406360137,62.918714801981615,176.7766952966369,9099.401851610428
5000.0,-200.0,25.0,17.224760630896576,52.39160875487356,201.55644370746373,9018.86357631123
5000.0,-225.0,25.0,17.066710500272585,42.09114455046229,226.38462845343543,8936.108721433355
5000.0,0.0,50.0,37.07453621434283,141.46178017017272,50.0,19412.181767704697
5000.0,-25.0,50.0,36.97371803114545,130.44109959325166,55.90169943749474,19359.393490424503
5000.0,-50.0,50.0,36.86572959093845,119.46277372513043,70.71067811865476,19302.850875353346
5000.0,-75.0,50.0,36.75049300246952,108.53965424820422,90.13878188659973,19242.51313872689
5000.0,-100.0,50.0,36.627910967552346,97.69025949830602,111.80339887498948,19178.32933533391
5000.0,-125.0,50.0,36.4476475243246,87.0418500948582,134.6291201783626,19083.94361717473
5000.0,-150.0,50.0,36.193675459388785,76.65838723760055,158.11388300841898,18950.964154938163
5000.0,-175.0,50.0,35.92690146274319,66.45897657810768,182.00274723201295,18811.281616933065
5000.0,-200.0,50.0,35.655599921551314,56.54328068121857,206.15528128088303,18669.228462147068
5000.0,-225.0,50.0,35.37998690917256,47.09080543552588,230.4886114323222,18524.91782632659
5000.0,0.0,75.0,56.255681370011125,143.57838659298247,75.0,29455.405885785858
5000.0,-25.0,75.0,56.082654413960135,132.81764309437696,79.05694150420949,29364.80918345206
5000.0,-50.0,75.0,55.89877626134574,122.13329130762148,90.13878188659973,29268.530807883883
5000.0,-75.0,75.0,55.70784622690006,111.54728431518038,106.06601717798213,29168.560075623183
5000.0,-100.0,75.0,55.51001398410848,101.09052176133417,125.0,29064.97535552365
5000.0,-125.0,75.0,55.23377915371206,90.86430774329075,145.7737973711325,28920.33913655048
5000.0,-150.0,75.0,54.855922515636905,80.93142468571945,167.70509831248424,28722.493863502637
5000.0,-175.0,75.0,54.47166992940848,71.29472376618196,190.3943276465977,28521.299679832955
5000.0,-200.0,75.0,54.08308743393632,62.09224916464572,213.60009363293827,28317.8383609848
5000.0,-225.0,75.0,53.69007707546473,53.54831386419302,237.17082451262846,28112.05861849163
5000.0,0.0,100.0,75.40975416482516,146.37878015428566,100.0,39484.45494887117
5000.0,-25.0,100.0,75.16130533555793,135.92613612190192,103.07764064044152,39354.36744606801
5000.0,-50.0,100.0,74.9065271900463,125.58882724555289,111.80339887498948,39220.96592102893
5000.0,-75.0,100.0,74.64536026790024,115.3978524266319,125.0,39084.219240366474
5000.0,-100.0,100.0,74.37772841079739,105.39566763976526,141.4213562373095,38944.087527676325
5000.0,-125.0,100.0,74.0106959535123,95.65121092096058,160.0781059358212,38751.90978243701
5000.0,-150.0,100.0,73.51399744348616,86.22035315131791,180.27756377319946,38491.839050745824
5000.0,-175.0,100.0,73.01281996790146,77.18567628697639,201.55644370746373,38229.423138172235
5000.0,-200.0,100.0,72.50682131253403,68.70364215039027,223.60679774997897,37964.48286176746
5000.0,-225.0,100.0,71.99480525085501,61.00517837793747,246.22144504490262,37696.39187878566
5000.0,0.0,125.0,94.25533201907692,149.55148771134773,125.0,49351.9764387998
5000.0,-25.0,125.0,93.96002449887855,139.4716398329679,127.47548783981962,49197.35378279898
5000.0,-50.0,125.0,93.65854420151004,129.54683791752728,134.6291201783626,49039.49906822981
5000.0,-75.0,125.0,93.35083525734325,119.81561519854809,145.7737973711325,48878.38304182343
5000.0,-100.0,125.0,93.03682556745446,110.32920221692984,160.0781059358212,48713.967952671665
5000.0,-125.0,125.0,92.6056136913086,101.11764870744932,176.7766952966369,48488.185942298245
5000.0,-150.0,125.0,92.01933792229485,92.22464122550362,195.25624189766637,48181.2126674797
5000.0,-175.0,125.0,91.42818000436932,83.80471356309215,215.05813167606567,47871.68310546865
5000.0,-200.0,125.0,90.82809012720043,76.01521747747,235.8495283014151,47557.476780534074
5000.0,-225.0,125.0,90.2206857242025,69.06975965167527,257.390753524675,47239.440578831345
5000.0,0.0,150.0,112.70302948907303,152.90713284734375,150.0,59011.16824669761
5000.0,-25.0,150.0,112.39656458974389,143.26317686888254,152.0690632574555,58850.70360064502
5000.0,-50.0,150.0,112.08412233671315,133.81157892543715,158.11388300841898,58687.109219512946
5000.0,-75.0,150.0,111.76565055402479,124.59612044556084,167.70509831248424,58520.357784034706
5000.0,-100.0,150.0,111.43893540791865,115.6732505700201,180.27756377319946,58349.290133564115
5000.0,-125.0,150.0,110.97261915588169,107.02999828551216,195.25624189766637,58105.12751495597
5000.0,-150.0,150.0,110.32300558222303,98.69477132307912,212.13203435596427,57764.99064317627
5000.0,-175.0,150.0,109.66667181610858,90.884905736143,230.4886114323222,57421.335086854924
5000.0,-200.0,150.0,109.00608196433126,83.74749641343655,250.0,57075.45104929165
5000.0,-225.0,150.0,108.34114299851133,77.46861863229833,270.4163456597992,56727.289820940736
5000.0,0.0,175.0,131.14640804324503,156.76049525034023,175.0,68668.098675558
5000.0,-25.0,175.0,130.8287196863899,147.56951786292964,176.7766952966369,68501.7574408868
5000.0,-50.0,175.0,130.50525416804945,138.60489820887372,182.00274723201295,68332.39129153549
5000.0,-75.0,175.0,130.17469019521118,129.9135035470114,190.3943276465977,68159.30840010046
5000.0,-100.0,175.0,129.8330389765642,121.55395553915389,201.55644370746373,67980.42024033524
5000.0,-125.0,175.0,129.330798456948,113.46783840199564,215.05813167606567,67717.44771920833
5000.0,-150.0,175.0,128.61735076499411,105.66579094920016,230.4886114323222,67343.88738124784
5000.0,-175.0,175.0,127.89976436132457,98.42099753569312,247.48737341529164,66968.16001890048
5000.0,-200.0,175.0,127.17794979057076,91.86537964588918,265.75364531836624,66590.21879344479
5000.0,-225.0,175.0,126.45180417215539,86.15637789416836,285.0438562747845,66210.00983673643
5000.0,0.0,200.0,149.5852790774526,161.0782138882477,200.0,78322.66897248403
5000.0,-25.0,200.0,149.25630208950966,152.34940106747302,201.55644370746373,78150.41702439707
5000.0,-50.0,200.0,148.92175409503565,143.8763685298448,206.15528128088303,77975.24810411161
5000.0,-75.0,200.0,148.57614599898142,135.70703253089127,213.60009363293827,77794.28812818075
5000.0,-100.0,200.0,148.21808448543234,127.89959745170945,223.60679774997897,77606.8075580976
5000.0,-125.0,200.0,147.68064217352816,120.34902111501617,235.8495283014151,77325.40342162985
5000.0,-150.0,200.0,146.9060994920838,113.04704284739535,250.0,76919.85382197695
5000.0,-175.0,200.0,146.1274334105338,106.3177899294057,265.75364531836624,76512.14521507746
5000.0,-200.0,200.0,145.34455175334568,100.27662208206223,282.842712474619,76102.22933793538
5000.0,-225.0,200.0,144.55734854120706,95.05481434796067,301.0398644698074,75690.05069991254
5000.0,0.0,225.0,168.01947462540664,165.82175503576332,225.0,87974.79119053236
5000.0,-25.0,225.0,167.6791454511474,157.55744399208146,226.38462845343543,87796.59525158984
5000.0,-50.0,225.0,167.33343736547084,149.5731529295398,230.4886114323222,87615.58292121516
5000.0,-75.0,225.0,166.97241382423945,141.91614973673123,237.17082451262846,87426.55143706425
5000.0,-100.0,225.0,166.59649998018625,134.64228085110784,246.22144504490262,87229.72340858754
5000.0,-125.0,225.0,166.02463858318322,127.59979621501695,257.390753524675,86930.29748130482
5000.0,-150.0,225.0,165.1891489481897,120.76146345242607,270.4163456597992,86492.83613139715
5000.0,-175.0,225.0,164.3495585834025,114.49906541959419,285.0438562747845,86053.22764439044
5000.0,-200.0,225.0,163.50577156695857,108.9119897761922,301.0398644698074,85611.42179571465
5000.0,-225.0,225.0,162.6576776386882,104.10901312929566,318.1980515339464,85167.36085327994
5000.0,0.0,250.0,185.28124118201063,170.14777086318452,250.0,97013.03102423387
5000.0,-25.0,250.0,184.9924569853523,162.35399773246695,251.24689052802225,96861.82397245144
5000.0,-50.0,250.0,184.69252387013262,154.85757675760607,254.95097567963924,96704.779360561
5000.0,-75.0,250.0,184.3761127740228,147.70378738339397,261.00766272276377,96539.10689805221
5000.0,-100.0,250.0,184.05158138792328,140.94480811570534,269.2582403567252,96369.18266164728
5000.0,-125.0,250.0,183.51237092280797,134.38786850525295,279.5084971874737,96086.8527223231
5000.0,-150.0,250.0,182.68317622910206,127.98965130321614,291.547594742265,95652.68739596609
5000.0,-175.0,250.0,181.8499648444742,122.16109322736398,305.16389039334257,95216.41893516039
5000.0,-200.0,250.0,181.01263630164703,116.9873625633137,320.1562118716424,94777.99473536256
5000.0,-225.0,250.0,180.17107509194653,112.55878437956045,336.34060117684277,94337.35431637238
5000.0,0.0,275.0,202.3297103583284,174.63367172555795,275.0,105939.5886107792
5000.0,-25.0,275.0,202.10036697048025,167.30631392717342,276.1340254296815,105819.50469371033
5000.0,-50.0,275.0,201.85440804019262,160.28879485309463,279.5084971874737,105690.72089896427
5000.0,-75.0,275.0,201.59749245714872,153.62357841907036,285.0438562747845,105556.20021425035
5000.0,-100.0,275.0,201.33693640836213,147.3584747392428,292.61749776799064,105419.77338613098
5000.0,-125.0,275.0,200.8423765666086,141.26191879341602,302.0761493398643,105160.82245852872
5000.0,-150.0,275.0,200.0315242191842,135.27578487608693,313.2491021535417,104736.2611622263
5000.0,-175.0,275.0,199.2167588380715,129.84734144773935,325.96012026013244,104309.65100627582
5000.0,-200.0,275.0,198.39797391493192,125.04923171268628,340.03676271838606,103880.93622304159
5000.0,-225.0,275.0,197.5750238084247,120.95648449787743,355.31676008879737,103450.04055489592
5000.0,0.0,300.0,219.3714904258416,179.39615180012373,300.0,114862.6437881446
5000.0,-25.0,300.0,219.19544454977176,172.52671654377662,301.0398644698074,114770.46638298531
5000.0,-50.0,300.0,219.00574209668991,165.97538955378235,304.138126514911,114671.13841082365
5000.0,-75.0,300.0,218.81261351927463,159.78130261253625,309.23292192132453,114570.01652415596
5000.0,-100.0,300.0,218.6160137176031,153.98756879255833,316.22776601683796,114467.07710871789
5000.0,-125.0,300.0,218.16612854536697,148.32541663852174,325.0,114231.51778337522
5000.0,-150.0,300.0,217.37369732217957,142.72290764264034,335.4101966249685,113816.60176516842
5000.0,-175.0,300.0,216.57746768998567,137.662350256576,347.3110997362451,113399.69690465664
5000.0,-200.0,300.0,215.77732519582068,133.2055221706752,360.5551275463989,112980.74327440767
5000.0,-225.0,300.0,214.972393276641,129.41480949276647,375.0,112559.2819070852
5000.0,0.0,325.0,236.3990300564431,184.41306113996058,325.0,123778.24269017906
5000.0,-25.0,325.0,236.27671383380232,177.99092602840832,325.96012026013244,123714.19806576853
5000.0,-50.0,325.0,236.15058504567014,171.89136619539565,328.8236609491476,123648.15718673482
5000.0,-75.0,325.0,236.02121723485118,166.14990973876206,333.54160160315837,123580.4203593882
5000.0,-100.0,325.0,235.88856168762007,160.8049165174009,340.03676271838606,123510.96207728166
5000.0,-125.0,325.0,235.4833832042457,155.5520942358269,348.209706929603,123298.81111948806
5000.0,-150.0,325.0,234.70946022541585,150.30670578994827,357.94552658190884,122893.58599536536
5000.0,-175.0,325.0,233.93186521134055,145.5850812032117,369.120576505835,122486.4381980842
5000.0,-200.0,325.0,233.1504735164603,141.4396803617687,381.6084380618437,122077.3024633822
5000.0,-225.0,325.0,232.3622702197556,137.92246693371618,395.28470752104744,121664.60018230509
5000.0,0.0,350.0,252.8298898577171,189.3395714551954,350.0,132381.42076415342
5000.0,-25.0,350.0,252.78766089677995,183.34740355467224,350.891721190455,132359.30973191196
5000.0,-50.0,350.0,252.74243273188625,177.678773768181,353.5533905932738,132335.62832015107
5000.0,-75.0,350.0,252.69417270357647,172.36560339280956,357.94552658190884,132310.35942841772
5000.0,-100.0,350.0,252.64282744150557,167.44173055830842,364.0054944640259,132283.47511206463
5000.0,-125.0,350.0,252.30180856335278,162.57204098763822,371.65171868296267,132104.91804500791
5000.0,-150.0,350.0,251.56867717057764,157.6608924075867,380.7886552931954,131721.05134539815
5000.0,-175.0,350.0,250.8320235251614,153.2538636433187,391.3118960624632,131335.3403986182
5000.0,-200.0,350.0,250.09171024351903,149.39556946196586,403.11288741492746,130947.7132707911
5000.0,-225.0,350.0,249.34257946134142,146.12947661486805,416.08292442733097,130555.4693104799
5000.0,0.0,375.0,267.70561643572137,193.5887319874621,375.0,140170.33298653152
5000.0,-25.0,375.0,267.7902782552133,188.00152838230753,375.8324094593227,140214.66181155745
5000.0,-50.0,375.0,267.87217846210467,182.7358363842849,378.3186487605389,140257.54465960703
5000.0,-75.0,375.0,267.9512810027291,177.82021855278407,382.4264635194589,140298.96265302468
5000.0,-100.0,375.0,268.02752666428563,173.2844672588869,388.1043674065006,140338.8847880604
5000.0,-125.0,375.0,267.8024229661698,168.7720316387178,395.28470752104744,140221.02076734425
5000.0,-150.0,375.0,267.16927195957703,164.17957578137512,403.8873605350878,139889.50367552348
5000.0,-175.0,375.0,266.53278985941444,160.0709157714864,413.82363393117123,139556.2424271881
5000.0,-200.0,375.0,265.89282368189396,156.4841610574634,425.0,139221.15692021404
5000.0,-225.0,375.0,265.2423636762612,153.45590933402516,437.3213921133975,138880.57685768907
5000.0,0.0,400.0,282.57448013499095,197.99571892349948,400.0,147955.65181400708
5000.0,-25.0,400.0,282.7859744773475,192.80274976295442,400.7804885470349,148066.38999271096
5000.0,-50.0,400.0,282.99496664157533,187.92724431101146,403.11288741492746,148175.81803401027
5000.0,-75.0,400.0,283.2014163332346,183.39452172175817,406.97051490249265,148283.9148397857
5000.0,-100.0,400.0,283.4052571135399,179.2305888854377,412.31056256176606,148390.64562277056
5000.0,-125.0,400.0,283.2961024910393,175.05861254495383,419.0763653560052,148333.49239607836
5000.0,-150.0,400.0,282.76299786923306,170.76815810920738,427.20018726587654,148054.35946883482
5000.0,-175.0,400.0,282.22676637255637,166.94090156023879,436.6062299143245,147773.58931373767
5000.0,-200.0,400.0,281.6872358959499,163.60935024666261,447.21359549995793,147491.09181678857
5000.0,-225.0,400.0,281.1354380245873,160.80431558834312,458.93899376714546,147202.17112696535
5000.0,0.0,425.0,297.4360867342554,202.5502247340135,425.0,155737.17083280554
5000.0,-25.0,425.0,297.7743570358532,197.74035082378538,425.73465914816,155914.28874854342
5000.0,-50.0,425.0,298.11040882407065,193.24217113095753,427.93106921559223,156090.2450533917
5000.0,-75.0,425.0,298.4441966133542,189.07793082207561,431.5669125408017,156265.01593117026
5000.0,-100.0,425.0,298.7756451793788,185.27014675091456,436.6062299143245,156438.56199451452
5000.0,-125.0,425.0,298.78248377134327,181.42278875755096,443.00112866673373,156442.14267289394
5000.0,-150.0,425.0,298.3495031754333,177.41885889007563,450.6939094329987,156215.43456301765
5000.0,-175.0,425.0,297.9136140982308,173.8575521682091,459.6194077712559,155987.2035758978
5000.0,-200.0,425.0,297.47462132507883,170.76656091035954,469.7073557013984,155757.34749737888
5000.0,-225.0,425.0,297.02149165635024,168.17181825704313,480.88460154178364,155520.08935764534
5000.0,0.0,450.0,312.2899952862144,207.24286039226848,450.0,163514.6591634604
5000.0,-25.0,450.0,312.75498659106387,202.8046800924642,450.6939094329987,163758.1280413434
5000.0,-50.0,450.0,313.21806988574883,198.67098238313375,452.76925690687085,164000.5978874405
5000.0,-75.0,450.0,313.67919342885347,194.86114398169357,456.20718977236646,164242.04161000962
5000.0,-100.0,450.0,314.1382714575823,191.39450398360032,460.9772228646444,164482.41430375614
5000.0,-125.0,450.0,314.26115838831583,187.85684605132224,467.0385423067351,164546.75775022525
5000.0,-150.0,450.0,313.92839203283773,184.1250838071395,474.3416490252569,164372.52169393658
5000.0,-175.0,450.0,313.5929360429994,180.8156147586905,482.83019789569914,164196.87734839012
5000.0,-200.0,450.0,313.25411855165567,177.95199917892944,492.44289008980525,164019.47292477125
5000.0,-225.0,450.0,312.89895094607834,175.55605454782304,503.1152949374527,163833.5076013588
5000.0,0.0,475.0,325.34422248709507,211.12404540593786,475.0,170349.8365422235
5000.0,-25.0,475.0,325.9477376743521,207.01256682037823,475.6574397610112,170665.83635532623
5000.0,-50.0,475.0,326.5496866539706,203.19781384008567,477.62432936357,170981.01610402716
5000.0,-75.0,475.0,327.1500102419496,199.69679055271766,480.88460154178364,171295.34479965575
5000.0,-100.0,475.0,327.7486101791005,196.52626306430503,485.41219597368996,171608.77099382118
5000.0,-125.0,475.0,328.0043806444588,193.26742629613233,491.1720676097125,171742.692096317
5000.0,-150.0,475.0,327.7951654226807,189.7950243036944,498.1214711292819,171633.14726235747
5000.0,-175.0,475.0,327.5834936411509,186.7252512972378,506.2114182829147,171522.3161767197
5000.0,-200.0,475.0,327.3683927208132,184.0782502084911,515.3882032022076,171409.6895982008
5000.0,-225.0,475.0,327.1374253184823,181.87248017591676,525.594901040716,171288.7553491373
7500.0,0.0,0.0,-1.6528355474866423,209.0831494442639,0.0,-1298.1340033940248
7500.0,-25.0,0.0,-1.599630490368906,192.0415873687466,25.0,-1256.3468492502984
7500.0,-50.0,0.0,-1.55638251652329,175.0017733960001,50.0,-1222.3799700212908
7500.0,-75.0,0.0,-1.5232009615714919,157.96427328528236,75.0,-1196.3192377034768
7500.0,-100.0,0.0,-1.5002237172554993,140.92992631398985,100.0,-1178.272952217762
7500.0,-125.0,0.0,-1.497732337726707,124.14743695800553,125.0,-1176.3162273115227
7500.0,-150.0,0.0,-1.516702440127644,107.70704005542783,150.0,-1191.21531089668
7500.0,-175.0,0.0,-1.5558164661416174,91.27645442548243,175.0,-1221.9353950911345
7500.0,-200.0,0.0,-1.6059607147923454,74.8621418032002,200.0,-1261.3185958863614
7500.0,-225.0,0.0,-1.661981385713937,58.47781110238577,225.0,-1305.3171279404721
7500.0,-250.0,0.0,-1.7281839912424508,43.32451233859746,250.0,-1357.312532734693
7500.0,-275.0,0.0,-1.8013585590275487,28.527205584628298,275.0,-1414.7837038805108
7500.0,0.0,25.0,17.53455872175269,209.87416022512824,25.0,13771.610216049272
7500.0,-25.0,25.0,17.511200321322747,193.02200414276678,35.35533905932738,13753.264571251691
7500.0,-50.0,25.0,17.478387483183543,176.18989669933342,55.90169943749474,13727.493428441305
7500.0,-75.0,25.0,17.436023510183414,159.384189349187,79.05694150420949,13694.220841852783
7500.0,-100.0,25.0,17.38398538827987,142.61421444564445,103.07764064044152,13653.350196483087
7500.0,-125.0,25.0,17.29163658179743,126.0996632865837,127.47548783981962,13580.819613479833
7500.0,-150.0,25.0,17.150500071919325,109.92953273254284,152.0690632574555,13469.971257833242
7500.0,-175.0,25.0,16.991545048128646,93.85582105422931,176.7766952966369,13345.128274085246
7500.0,-200.0,25.0,16.823989806237826,77.93819057364053,201.55644370746373,13213.53069483658
7500.0,-225.0,25.0,16.650522339329157,62.29635186055884,226.38462845343543,13077.289664917304
7500.0,-250.0,25.0,16.46099928351041,48.25346401636694,251.24689052802225,12928.438604955789
7500.0,-275.0,25.0,16.263477041034605,35.417469225741016,276.1340254296815,12773.304998485144
7500.0,0.0,50.0,36.71755688601148,211.77009508836562,50.0,28837.901742714745
7500.0,-25.0,50.0,36.61759832100041,195.2058950523657,55.90169943749474,28759.394469339208
7500.0,-50.0,50.0,36.5086708519991,178.69756205980127,70.71067811865476,28673.843035242047
7500.0,-75.0,50.0,36.390689039118314,162.26214706029842,90.13878188659973,28581.18033609118
7500.0,-100.0,50.0,36.26354300621444,145.92428770948464,111.80339887498948,28481.320075365198
7500.0,-125.0,50.0,36.076251648721126,129.8713334299578,134.6291201783626,28334.221787169736
7500.0,-150.0,50.0,35.81269389433908,114.19422362292543,158.11388300841898,28127.22401092892
7500.0,-175.0,50.0,35.5341279899725,98.76137736137724,182.00274723201295,27908.43886125426
7500.0,-200.0,50.0,35.249385739136706,83.70796993298501,206.15528128088303,27684.80282040617
7500.0,-225.0,50.0,34.958655901004256,69.28168977566048,230.4886114323222,27456.464139492113
7500.0,-250.0,50.0,34.64590494298207,56.846585678183345,254.95097567963924,27210.830111460695
7500.0,-275.0,50.0,34.324124853673695,46.2644998263936,279.5084971874737,26958.104620300026
7500.0,0.0,75.0,55.89026964081573,214.74176498843488,75.0,43896.11512768483
7500.0,-25.0,75.0,55.71928441289836,198.5536545834696,79.05694150420949,43761.82364371044
7500.0,-50.0,75.0,55.53442577383803,182.4705136810819,90.13878188659973,43616.6360081043
7500.0,-75.0,75.0,55.340754545276994,166.52275936463613,106.06601717798213,43464.52698088953
7500.0,-100.0,75.0,55.138409291899,150.7533635037738,125.0,43305.60539051427
7500.0,-125.0,75.0,54.85518686286778,135.310771470157,145.7737973711325,43083.16301492019
7500.0,-150.0,75.0,54.46763672456842,120.28463294365383,167.70509831248424,42778.78184807544
7500.0,-175.0,75.0,54.07189738299645,105.67044764097218,190.3943276465977,42467.9688960207
7500.0,-200.0,75.0,53.67019140056436,91.66544404403248,213.60009363293827,42152.46975519277
7500.0,-225.0,75.0,53.262383742936834,78.59590975464928,237.17082451262846,41832.1783698727
7500.0,-250.0,75.0,52.82649830030191,67.72633978269754,261.00766272276377,41489.83474377554
7500.0,-275.0,75.0,52.380551029515374,58.92671517357505,285.0438562747845,41139.58857632769
7500.0,0.0,100.0,75.03035528329298,218.74806088352028,100.0,58928.70323855633
7500.0,-25.0,100.0,74.78409296858133,203.0106393988913,103.07764064044152,58735.28926886781
7500.0,-50.0,100.0,74.52980159011052,187.43550798007905,111.80339887498948,58535.56928724902
7500.0,-75.0,100.0,74.26741445101916,172.06674230728723,125.0,58329.49091010757
7500.0,-100.0,100.0,73.99684333517543,156.96497005820004,141.4213562373095,58116.984852655485
7500.0,-125.0,100.0,73.62334091093669,142.2306951848812,160.0781059358212,57823.636734633896
7500.0,-150.0,100.0,73.11710853786481,127.94448541283944,180.27756377319946,57426.042758570904
7500.0,-175.0,100.0,72.60477982768566,114.22445259223818,201.55644370746373,57023.66073054041
7500.0,-200.0,100.0,72.08599413464611,101.30088688216776,223.60679774997897,56616.20740003029
7500.0,-225.0,100.0,71.55951031513398,89.51936721485731,246.22144504490262,56202.70797512697
7500.0,-250.0,100.0,71.00270977705756,79.9685280664598,269.2582403567252,55765.39785514305
7500.0,-275.0,100.0,70.43268766238248,72.46094251576575,292.61749776799064,55317.70353318131
7500.0,0.0,125.0,93.86021285420172,223.3231181818541,125.0,73717.63879178361
7500.0,-25.0,125.0,93.5671856704833,208.13626475175747,127.47548783981962,73487.49577986563
7500.0,-50.0,125.0,93.26630565214563,193.17097491517723,134.6291201783626,73251.18516606023
7500.0,-75.0,125.0,92.95750993367965,178.48298659123662,145.7737973711325,73008.65757591205
7500.0,-100.0,125.0,92.64071475923713,164.14675113108854,160.0781059358212,72759.84722773172
7500.0,-125.0,125.0,92.20416435582139,150.2052521503357,176.7766952966369,72416.98134265859
7500.0,-150.0,125.0,91.60992271205124,136.72221428979933,195.25624189766637,71950.26504702723
7500.0,-175.0,125.0,91.00920947196332,123.92682904751422,215.05813167606567,71478.46597153365
7500.0,-200.0,125.0,90.39734031751287,112.05488693308543,235.8495283014151,70997.90506138871
7500.0,-225.0,125.0,89.77568028480725,101.43112892491568,257.390753524675,70509.65441344414
7500.0,-250.0,125.0,89.12941113433803,92.93434520415711,279.5084971874737,70002.07580960516
7500.0,-275.0,125.0,88.46816365289814,86.3515524739141,302.0761493398643,69482.73325213109
7500.0,0.0,150.0,112.29161299057287,228.1833751775918,150.0,88193.626607733
7500.0,-25.0,150.0,111.9875792967124,213.64445525592274,152.0690632574555,87954.839102964
7500.0,-50.0,150.0,111.67591262588343,199.38339622228,158.11388300841898,87710.05667210276
7500.0,-75.0,150.0,111.35655410758886,185.4643037331057,167.70509831248424,87459.23307836887
7500.0,-100.0,150.0,111.02702884073223,171.97022875901393,180.27756377319946,87200.42453898661
7500.0,-125.0,150.0,110.55542109760324,158.88039087555285,195.25624189766637,86830.02468368909
7500.0,-150.0,150.0,109.89786280084756,146.23681294655972,212.13203435596427,86313.57960509043
7500.0,-175.0,150.0,109.23195420519089,134.36542483695632,230.4886114323222,85790.57621707111
7500.0,-200.0,150.0,108.56020534143263,123.48910815045929,250.0,85262.98589321105
7500.0,-225.0,150.0,107.88248287568277,113.89327291045907,270.4163456597992,84730.70391331792
7500.0,-250.0,150.0,107.19081724767742,106.23886347320983,291.547594742265,84187.47099939735
7500.0,-275.0,150.0,106.4816877417638,100.3378974078459,313.2491021535417,83630.52198784189
7500.0,0.0,175.0,130.7173521054505,233.80234621224636,175.0,102665.16826779838
7500.0,-25.0,175.0,130.40223729483807,219.9391117377294,176.7766952966369,102417.67767428406
7500.0,-50.0,175.0,130.07971511009723,206.40550382866383,182.00274723201295,102164.36934273365
7500.0,-75.0,175.0,129.74828890383353,193.27077996640082,190.3943276465977,101904.06780903236
7500.0,-100.0,175.0,129.4038076603598,180.62197944940883,201.55644370746373,101633.51287308322
7500.0,-125.0,175.0,128.8961680349559,168.37077927709754,215.05813167606567,101234.81364362325
7500.0,-150.0,175.0,128.174841745939,156.53346603461085,230.4886114323222,100668.28530101907
7500.0,-175.0,175.0,127.44783535645607,145.52149406260867,247.48737341529164,100097.29581794098
7500.0,-200.0,175.0,126.71503200265013,135.53616312114934,265.75364531836624,99521.7534097303
7500.0,-225.0,175.0,125.97629717936564,126.8201747558634,285.0438562747845,98941.55243628492
7500.0,-250.0,175.0,125.23104317921693,119.84492185378502,305.16389039334257,98356.23131330352
7500.0,-275.0,175.0,124.47512836399002,114.46559231932869,325.96012026013244,97762.53720573938
7500.0,0.0,200.0,149.13721851845617,240.13037403562657,200.0,117132.09751859939
7500.0,-25.0,200.0,148.8109487773773,226.95846104618795,201.55644370746373,116875.84586318389
7500.0,-50.0,200.0,148.4775040770566,214.16134051216147,206.15528128088303,116613.95900795741
7500.0,-75.0,200.0,148.13094009551847,201.81032057572995,213.60009363293827,116341.76829335764
7500.0,-100.0,200.0,147.7698217093415,189.99241706681238,223.60679774997897,116058.14657608519
7500.0,-125.0,200.0,147.22702844087792,178.54981212292387,235.8495283014151,115631.8377399294
7500.0,-150.0,200.0,146.4447570658957,167.4710589793663,250.0,115017.44323873996
7500.0,-175.0,200.0,145.65683660582675,157.2450817744819,265.75364531836624,114398.61195649856
7500.0,-200.0,200.0,144.8631493706265,148.04868166324914,282.842712474619,113775.25145966029
7500.0,-225.0,200.0,144.06355994171977,140.084763924804,301.0398644698074,113147.25539072491
7500.0,-250.0,200.0,143.26489809860362,133.6614000863138,320.1562118716424,112519.98784596588
7500.0,-275.0,200.0,142.4574368435761,128.68850633930015,340.03676271838606,111885.80925925265
7500.0,0.0,225.0,167.55103286961344,247.1095312064416,225.0,131594.2734911399
7500.0,-25.0,225.0,167.2135359699504,234.63396458463652,226.38462845343543,131329.2040459922
7500.0,-50.0,225.0,166.86907251335666,222.57069840766508,230.4886114323222,131058.66307982593
7500.0,-75.0,225.0,166.50693353036962,210.99046028047735,237.17082451262846,130774.2397876933
7500.0,-100.0,225.0,166.12773514370198,199.97717660049935,246.22144504490262,130476.41807124126
7500.0,-125.0,225.0,165.55055286385064,189.3032578288775,257.390753524675,130023.10016870046
7500.0,-150.0,225.0,164.70749251546295,178.9291809893614,270.4163456597992,129360.96211944356
7500.0,-175.0,225.0,163.85882327099617,169.41587871295263,285.0438562747845,128694.41885350744
7500.0,-200.0,225.0,163.00442591924454,160.91608059327294,301.0398644698074,128023.37674263006
7500.0,-225.0,225.0,162.14416332823032,153.59812659902056,318.1980515339464,127347.72808360797
7500.0,-250.0,225.0,161.29232600279104,147.62833917268333,336.34060117684277,126678.69661269458
7500.0,-275.0,225.0,160.43269589827594,142.97782753257417,355.31676008879737,126003.54470740726
7500.0,0.0,250.0,184.79127388608603,253.47017966963037,250.0,145134.72712200682
7500.0,-25.0,250.0,184.5054155071148,241.70152187788477,251.24689052802225,144910.21447617104
7500.0,-50.0,250.0,184.2063887590749,230.37227617095476,254.95097567963924,144675.35941745382
7500.0,-75.0,250.0,183.88852979772128,219.55047363800443,261.00766272276377,144425.71357298724
7500.0,-100.0,250.0,183.56087995081262,209.31483079373908,269.2582403567252,144168.37798498772
7500.0,-125.0,250.0,183.01656788847362,199.3764225307191,279.5084971874737,143740.8762909116
7500.0,-150.0,250.0,182.18007904837967,189.6718227915834,291.547594742265,143083.89949219936
7500.0,-175.0,250.0,181.338089930516,180.82082479773482,305.16389039334257,142422.60278542855
7500.0,-200.0,250.0,180.49047936414365,172.95451650403874,320.1562118716424,141756.89100332346
7500.0,-225.0,250.0,179.6371079524327,166.21275075358554,336.34060117684277,141086.6546638698
7500.0,-250.0,250.0,178.75494558952565,160.63968782796064,353.5533905932738,140393.80596422424
7500.0,-275.0,250.0,177.8594013136402,156.26957187966968,371.65171868296267,139690.44713470273
7500.0,0.0,275.0,201.81685217050824,260.0807802363469,275.0,158506.5850373715
7500.0,-25.0,275.0,201.59024573666304,249.0136873808728,276.1340254296815,158328.60876041543
7500.0,-50.0,275.0,201.3446654169208,238.40577962152028,279.5084971874737,158135.73042832332
7500.0,-75.0,275.0,201.0862548401334,228.3210645463369,285.0438562747845,157932.775235912
7500.0,-100.0,275.0,200.82279179808106,218.83188260451547,292.61749776799064,157725.85184656098
7500.0,-125.0,275.0,200.3233825100152,209.59126760155334,302.0761493398643,157333.61670893044
7500.0,-150.0,275.0,199.50553472053238,200.51372039625412,313.2491021535417,156691.28055713198
7500.0,-175.0,275.0,198.68231748456967,192.27340137310313,325.96012026013244,156044.72725192975
7500.0,-200.0,275.0,197.85360657101506,184.9822209632587,340.03676271838606,155393.85922243653
7500.0,-225.0,275.0,197.0192243141749,178.75634779755,355.31676008879737,154738.53693034285
7500.0,-250.0,275.0,196.11077801731685,173.53035770989888,371.65171868296267,154025.04487724535
7500.0,-275.0,275.0,195.18079787676302,169.40272240977035,388.90872965260115,153294.64018285827
7500.0,0.0,300.0,218.8341647779173,267.11661426913315,300.0,171871.95110519082
7500.0,-25.0,300.0,218.66026177265778,256.73888018543767,301.0398644698074,171735.3680042507
7500.0,-50.0,300.0,218.4706271757734,246.8336735365674,304.138126514911,171586.42934014107
7500.0,-75.0,300.0,218.2761839133579,237.4601303729071,309.23292192132453,171433.71395895493
7500.0,-100.0,300.0,218.07688138025193,228.68363359652614,316.22776601683796,171277.18211549302
7500.0,-125.0,300.0,217.622395081978,220.1015475112386,325.0,170920.22941153942
7500.0,-150.0,300.0,216.8232680176047,211.6077496722541,335.4101966249685,170292.59648285943
7500.0,-175.0,300.0,216.01891483574272,203.92864817000304,347.3110997362451,169660.8589711021
7500.0,-200.0,300.0,215.20920677307336,197.1594541414614,360.5551275463989,169024.9157457935
7500.0,-225.0,300.0,214.3931321803405,191.39673003358803,375.0,168383.97225946578
7500.0,-250.0,300.0,213.45915441997496,186.47497764831257,390.51248379533274,167650.42784182064
7500.0,-275.0,300.0,212.49467020452667,182.55714198559224,406.97051490249265,166892.92371038173
9000.0,0.0,0.0,-1.860328437880963,250.8997793331167,0.0,-1753.3182461133028
9000.0,-25.0,0.0,-1.8064576840754794,230.44970063089988,25.0,-1702.5462567937072
9000.0,-50.0,0.0,-1.763485633758281,210.00123195631554,50.0,-1662.0460535178468
9000.0,-75.0,0.0,-1.731525166264164,189.55489440529837,75.0,-1631.924022552403
9000.0,-100.0,0.0,-1.710720078066276,169.111461043298,100.0,-1612.3156888804708
9000.0,-125.0,0.0,-1.711674731287658,148.96903041772856,125.0,-1613.2154283445768
9000.0,-150.0,0.0,-1.7353596908279871,129.23534544009243,150.0,-1635.5379768123175
9000.0,-175.0,0.0,-1.7804997164341576,109.51069973925493,175.0,-1678.081448660478
9000.0,-200.0,0.0,-1.837584426632032,89.80105117800831,200.0,-1731.8825205174614
9000.0,-225.0,0.0,-1.9013379757886018,70.11905131434656,225.0,-1791.9688250186275
9000.0,-250.0,0.0,-1.9759375334188678,51.89884647632634,250.0,-1862.2772516823156
9000.0,-275.0,0.0,-2.058314361250531,34.06592479608071,275.0,-1939.9155828249104
9000.0,0.0,25.0,17.324347394667495,251.77038196927518,25.0,16327.812750997462
9000.0,-25.0,25.0,17.30161251702965,231.54138096117848,35.35533905932738,16306.385633627266
9000.0,-50.0,25.0,17.268510014332644,211.3347437630291,55.90169943749474,16275.18725984076
9000.0,-75.0,25.0,17.224939675923792,191.15756194177303,79.05694150420949,16234.123183322861
9000.0,-100.0,25.0,17.17077263337053,171.02026029416143,103.07764064044152,16183.071948437257
9000.0,-125.0,25.0,17.07501810908284,151.18553169568727,127.47548783981962,16092.825435422197
9000.0,-150.0,25.0,16.929179929634117,131.7587649926659,152.0690632574555,15955.376189471493
9000.0,-175.0,25.0,16.764293594237813,112.43937371499874,176.7766952966369,15799.974479483983
9000.0,-200.0,25.0,16.58996291892531,93.29406986294842,201.55644370746373,15635.67168882685
9000.0,-225.0,25.0,16.408929406099748,74.45721045234485,226.38462845343543,15465.05162264295
9000.0,-250.0,25.0,16.21102178904247,57.50482192004753,251.24689052802225,15278.528087891966
9000.0,-275.0,25.0,16.00428427289285,41.93455698982933,276.1340254296815,15083.682569304852
9000.0,0.0,50.0,36.504118775679245,253.9681312260975,50.0,34404.321411432946
9000.0,-25.0,50.0,36.40473600999247,234.07886432159535,55.90169943749474,34310.65536146044
9000.0,-50.0,50.0,36.29549798011777,214.25392235587594,70.71067811865476,34207.70094381635
9000.0,-75.0,50.0,36.176315824419355,194.5129727986547,90.13878188659973,34095.37440838201
9000.0,-100.0,50.0,36.04707396524992,174.8844580830709,111.80339887498948,33973.56682579111
9000.0,-125.0,50.0,35.85640679552637,155.59193619627018,134.6291201783626,33793.86725188584
9000.0,-150.0,50.0,35.58814024854897,136.7427422186612,158.11388300841898,33541.031987929404
9000.0,-175.0,50.0,35.30374756414116,118.17524848604677,182.00274723201295,33272.99819750833
9000.0,-200.0,50.0,35.01239979224003,100.04637807249003,206.15528128088303,32998.409391555026
9000.0,-225.0,50.0,34.7142748379517,82.64518055534211,230.4886114323222,32717.43324168182
9000.0,-250.0,50.0,34.393153165327675,67.60443971829763,254.95097567963924,32414.783195394593
9000.0,-275.0,50.0,34.06214762326755,54.75049201740697,279.5084971874737,32102.81782162451
9000.0,0.0,75.0,55.67233921019833,257.459128936667,75.0,52469.94356127542
9000.0,-25.0,75.0,55.502639320697,238.01603185895843,79.05694150420949,52310.00518342371
9000.0,-50.0,75.0,55.317442675683694,218.69544125538113,90.13878188659973,52135.46145759072
9000.0,-75.0,75.0,55.12256818866233,199.5329465609472,106.06601717798213,51951.7965805512
9000.0,-100.0,75.0,54.918149738073026,180.57888398354748,125.0,51759.13672976233
9000.0,-125.0,75.0,54.631565280492474,162.01010776640345,145.7737973711325,51489.03724179191
9000.0,-150.0,75.0,54.23922905586233,143.9325338775999,167.70509831248424,51119.26906148135
9000.0,-175.0,75.0,53.837831511063285,126.3374869292812,190.3943276465977,50740.960788108445
9000.0,-200.0,75.0,53.42969426693462,109.45789002895563,213.60009363293827,50356.30049776515
9000.0,-225.0,75.0,53.01466597644014,93.68122887214409,237.17082451262846,49965.14554923033
9000.0,-250.0,75.0,52.570424595348484,80.52811470903498,261.00766272276377,49546.45791145289
9000.0,-275.0,75.0,52.11524404587719,69.84699771546683,285.0438562747845,49117.4603503701
9000.0,0.0,100.0,74.80483808926728,262.1950050151116,100.0,70501.8989382648
9000.0,-25.0,100.0,74.55994806004318,243.2884622766234,103.07764064044152,70271.09552324047
9000.0,-50.0,100.0,74.3061948771154,224.57278605993272,111.80339887498948,70031.93878264718
9000.0,-75.0,100.0,74.04350881027572,206.09997942023892,125.0,69784.36299731201
9000.0,-100.0,100.0,73.7717965890615,187.94166971858306,141.4213562373095,69528.28026189483
9000.0,-125.0,100.0,73.39522693415391,170.2173862889406,160.0781059358212,69173.3717234681
9000.0,-150.0,100.0,72.8842852163804,153.0225968386543,180.27756377319946,68691.82049937715
9000.0,-175.0,100.0,72.36647775800508,136.49684899938984,201.55644370746373,68203.79846721537
9000.0,-200.0,100.0,71.84143852198889,120.91475243875243,223.60679774997897,67708.96064520093
9000.0,-225.0,100.0,71.30790595392011,106.69052642674818,246.22144504490262,67206.11804631219
9000.0,-250.0,100.0,70.74276955626796,95.13642702297838,269.2582403567252,66673.48953977013
9000.0,-275.0,100.0,70.16350789062366,86.03463303187179,292.61749776799064,66127.54828178183
9000.0,0.0,125.0,93.62632770834533,267.6172310655114,125.0,88240.73499333845
9000.0,-25.0,125.0,93.33472888652832,249.36814650235473,127.47548783981962,87965.90957841373
9000.0,-50.0,125.0,93.03444916086815,231.38093171852452,134.6291201783626,87682.90260436693
9000.0,-75.0,125.0,92.72542294663117,213.72171144484074,145.7737973711325,87391.65225904288
9000.0,-100.0,125.0,92.4075619570464,196.47893845787794,160.0781059358212,87092.07533412018
9000.0,-125.0,125.0,91.96860126780012,179.70340965757057,176.7766952966369,86678.36463115495
9000.0,-150.0,125.0,91.37056471773697,163.47090594064713,195.25624189766637,86114.72846147796
9000.0,-175.0,125.0,90.76530010895775,148.05544675338493,215.05813167606567,85544.28000695235
9000.0,-200.0,125.0,90.14774882173387,133.73983094001863,235.8495283014151,84962.25163080513
9000.0,-225.0,125.0,89.51913184166051,120.91529789868113,257.390753524675,84369.79408484904
9000.0,-250.0,125.0,88.86476469588078,110.64189936148207,279.5084971874737,83753.0675794694
9000.0,-275.0,125.0,88.19434528332849,102.67058279527438,302.0761493398643,83121.21216907991
9000.0,0.0,150.0,112.04929755998862,273.3857293918834,150.0,105603.9750163071
9000.0,-25.0,150.0,111.74678212121692,255.91195339969565,152.0690632574555,105318.86093229431
9000.0,-50.0,150.0,111.43581270335149,238.76771370435202,158.11388300841898,105025.77916069716
9000.0,-75.0,150.0,111.11632812680662,222.0293566312621,167.70509831248424,104724.67204111458
9000.0,-100.0,150.0,110.78569969544247,205.7959378891671,180.27756377319946,104413.06208580213
9000.0,-125.0,150.0,110.31168087351034,190.0420208130331,195.25624189766637,103966.30987120853
9000.0,-150.0,150.0,109.65030558746,174.81779949119124,212.13203435596427,103342.97834923206
9000.0,-175.0,150.0,108.97979422587693,160.51433968329547,230.4886114323222,102711.03627892271
9000.0,-200.0,150.0,108.3026917702103,147.3999109069562,250.0,102072.88224878773
9000.0,-225.0,150.0,107.61884923723176,135.8193541494847,270.4163456597992,101428.37584544244
9000.0,-250.0,150.0,106.92024562482021,126.56981111182499,291.547594742265,100769.95745248541
9000.0,-275.0,150.0,106.20235730758726,119.4311972008964,313.2491021535417,100093.36365343032
9000.0,0.0,175.0,130.46611660130827,280.0692245445612,175.0,122961.41803711782
9000.0,-25.0,175.0,130.15260426398768,263.40485199262764,176.7766952966369,122665.93962039698
9000.0,-50.0,175.0,129.83086911465185,247.13241055143203,182.00274723201295,122362.71138593045
9000.0,-75.0,175.0,129.4993113029094,231.33462184584494,190.3943276465977,122050.22551024734
9000.0,-100.0,175.0,129.15368582700808,216.11559885108895,201.55644370746373,121724.48117345183
9000.0,-125.0,175.0,128.64353325598066,201.36908835879797,215.05813167606567,121243.67370264693
9000.0,-150.0,175.0,127.91838508837318,187.11474896048108,230.4886114323222,120560.237655811
9000.0,-175.0,175.0,127.1868181141931,173.8469447307689,247.48737341529164,119870.75202630307
9000.0,-200.0,175.0,126.44870772876445,161.80851203435034,265.75364531836624,119175.09937698279
9000.0,-225.0,175.0,125.70391049538709,151.29316153321102,285.0438562747845,118473.14452194508
9000.0,-250.0,175.0,124.95171570166659,142.86897545555453,305.16389039334257,117764.21763053884
9000.0,-275.0,175.0,124.18791867960863,136.36683465862285,325.96012026013244,117044.35589653954
9000.0,0.0,200.0,148.87659867467005,287.60827703622294,200.0,140312.88860633378
9000.0,-25.0,200.0,148.55200970495002,271.7727669484738,201.55644370746373,140006.9707095212
9000.0,-50.0,200.0,148.21943396753494,256.3837654352088,206.15528128088303,139693.52546149358
9000.0,-75.0,200.0,147.87265640461013,241.52663254285412,213.60009363293827,139366.69530825925
9000.0,-100.0,200.0,147.51022080779103,227.3056788123518,223.60679774997897,139025.10780574937
9000.0,-125.0,200.0,146.9648964401224,213.53142636196702,235.8495283014151,138511.151697562
9000.0,-150.0,200.0,146.17883708353318,200.19048977866814,250.0,137770.3082075781
9000.0,-175.0,200.0,145.3863917878669,187.87060141819651,265.75364531836624,137023.44611180702
9000.0,-200.0,200.0,144.587437950809,176.78534079677073,282.842712474619,136270.4498602895
9000.0,-225.0,200.0,143.78183448588817,167.18046638446316,301.0398644698074,135511.18648215896
9000.0,-250.0,200.0,142.97621740286326,159.42671314099087,320.1562118716424,134751.9102692677
9000.0,-275.0,200.0,142.1608743252488,153.42005529497328,340.03676271838606,133983.46752243105
9000.0,0.0,225.0,167.28059906539244,295.9333304087444,225.0,157658.25033358095
9000.0,-25.0,225.0,166.94485509814083,280.93328306495994,226.38462845343543,157341.81909927953
9000.0,-50.0,225.0,166.60132759565158,266.4251782458751,230.4886114323222,157018.05205584166
9000.0,-75.0,225.0,166.2388470304649,252.4938260314412,237.17082451262846,156676.42217164382
9000.0,-100.0,225.0,165.85814893475293,239.23999810708042,246.22144504490262,156317.62266942646
9000.0,-125.0,225.0,165.27839523313287,226.39060222918317,257.390753524675,155771.21767845616
9000.0,-150.0,225.0,164.43157234408386,213.89870876096032,270.4163456597992,154973.10590831775
9000.0,-175.0,225.0,163.57840505691226,202.43866172139946,285.0438562747845,154169.01468381932
9000.0,-200.0,225.0,162.71877273537342,192.19511713828808,301.0398644698074,153358.83030797887
9000.0,-225.0,225.0,161.85253660324503,183.37204797992032,318.1980515339464,152542.42198728828
9000.0,-250.0,225.0,160.9937253756422,176.16903661541232,336.34060117684277,151733.0114742511
9000.0,-275.0,225.0,160.12621444418988,170.55510090636608,355.31676008879737,150915.40168350324
9000.0,0.0,250.0,184.51078461700834,303.51910811111605,250.0,173897.3176382646
9000.0,-25.0,250.0,184.22673128089656,289.36776267220375,251.24689052802225,173629.60367607765
9000.0,-50.0,250.0,183.92841528665735,275.74130698158456,254.95097567963924,173348.4474752926
9000.0,-75.0,250.0,183.60997544141205,262.72142272233623,261.00766272276377,173048.32499176273
9000.0,-100.0,250.0,183.28086912111374,250.4027400082096,269.2582403567252,172738.14959233298
9000.0,-125.0,250.0,182.73404568301925,238.4386396022947,279.5084971874737,172222.78064355446
9000.0,-150.0,250.0,181.8938754743594,226.75359527266573,291.547594742265,171430.93887696727
9000.0,-175.0,250.0,181.04747327527738,216.0926337321776,305.16389039334257,170633.22359778173
9000.0,-200.0,250.0,180.19472074128834,206.61432469479922,320.1562118716424,169829.52326894875
9000.0,-225.0,250.0,179.33548173656277,198.48814929280533,336.34060117684277,169019.70958547163
9000.0,-250.0,250.0,178.4462919595502,191.76634371137732,353.5533905932738,168181.66796413867
9000.0,-275.0,250.0,177.54280442972035,186.49343013175206,371.65171868296267,167330.15102824164
